{
  "timestamp": "2026-06-30T12:18:34.545166",
  "data_info": {
    "total_samples": 20000,
    "training_samples": 16000,
    "test_samples": 4000,
    "num_features": 19,
    "positive_rate": 0.34965
  },
  "model_results": {
    "logistic_regression": {
      "accuracy": 0.6755,
      "precision": 0.5286118980169972,
      "recall": 0.6669049320943531,
      "f1": 0.5897597977243995,
      "auc": 0.7451791099206083,
      "fpr": 0.31987697039600155,
      "tp": 933,
      "tn": 1769,
      "fp": 832,
      "fn": 466
    },
    "random_forest": {
      "accuracy": 0.79075,
      "precision": 0.7148318042813455,
      "recall": 0.6683345246604717,
      "f1": 0.6908016254155892,
      "auc": 0.8454196013574808,
      "fpr": 0.14340638216070742,
      "tp": 935,
      "tn": 2228,
      "fp": 373,
      "fn": 464
    },
    "xgboost": {
      "accuracy": 0.80775,
      "precision": 0.7629382303839732,
      "recall": 0.6533238027162259,
      "f1": 0.7038891028109356,
      "auc": 0.8678543387529787,
      "fpr": 0.10918877354863514,
      "tp": 914,
      "tn": 2317,
      "fp": 284,
      "fn": 485
    },
    "svm": {
      "accuracy": 0.77225,
      "precision": 0.6468110709987966,
      "recall": 0.7684060042887777,
      "f1": 0.7023848415550473,
      "auc": 0.8453645007597287,
      "fpr": 0.22568242983467898,
      "tp": 1075,
      "tn": 2014,
      "fp": 587,
      "fn": 324
    }
  },
  "best_model": "xgboost",
  "best_metrics": {
    "accuracy": 0.80775,
    "precision": 0.7629382303839732,
    "recall": 0.6533238027162259,
    "f1": 0.7038891028109356,
    "auc": 0.8678543387529787,
    "fpr": 0.10918877354863514,
    "tp": 914,
    "tn": 2317,
    "fp": 284,
    "fn": 485
  }
}