{
  "Logistic Regression": {
    "accuracy": 0.9843333333333333,
    "precision": 0.98432810936979,
    "recall": 1.0,
    "f1": 0.992102167702907,
    "roc_auc": 0.8637168460804978,
    "confusion_matrix": [
      [
        3,
        141
      ],
      [
        0,
        8856
      ]
    ]
  },
  "Random Forest": {
    "accuracy": 0.9842222222222222,
    "precision": 0.9844340671558817,
    "recall": 0.9997741644083108,
    "f1": 0.9920448179271709,
    "roc_auc": 0.9141464041955234,
    "confusion_matrix": [
      [
        4,
        140
      ],
      [
        2,
        8854
      ]
    ]
  },
  "Gradient Boosting": {
    "accuracy": 0.9824444444444445,
    "precision": 0.9871191756272402,
    "recall": 0.9951445347786811,
    "f1": 0.9911156095366622,
    "roc_auc": 0.9525321815718157,
    "confusion_matrix": [
      [
        29,
        115
      ],
      [
        43,
        8813
      ]
    ]
  },
  "SVM": {
    "accuracy": 0.984,
    "precision": 0.984,
    "recall": 1.0,
    "f1": 0.9919354838709677,
    "roc_auc": 0.9073372258606847,
    "confusion_matrix": [
      [
        0,
        144
      ],
      [
        0,
        8856
      ]
    ]
  },
  "Neural Network": {
    "accuracy": 0.9817777777777777,
    "precision": 0.9871105133378166,
    "recall": 0.9944670280036134,
    "f1": 0.9907751153110587,
    "roc_auc": 0.890844562380809,
    "confusion_matrix": [
      [
        29,
        115
      ],
      [
        49,
        8807
      ]
    ]
  }
}