{
  "best_model": "Logistic Regression",
  "timestamp": "2026-06-30T23:52:08.778458",
  "metrics": {
    "Logistic Regression": {
      "accuracy": 0.74,
      "precision": 0.719626168224299,
      "recall": 0.7777777777777778,
      "f1_score": 0.7475728155339806,
      "auc_roc": 0.7991799179917991,
      "false_positive_rate": 0.297029702970297,
      "false_negative_rate": 0.2222222222222222,
      "specificity": 0.7029702970297029,
      "sensitivity": 0.7777777777777778,
      "confusion_matrix": {
        "tn": 71,
        "fp": 30,
        "fn": 22,
        "tp": 77
      }
    },
    "Random Forest": {
      "accuracy": 0.69,
      "precision": 0.6728971962616822,
      "recall": 0.7272727272727273,
      "f1_score": 0.6990291262135923,
      "auc_roc": 0.7723772377237724,
      "false_positive_rate": 0.3465346534653465,
      "false_negative_rate": 0.2727272727272727,
      "specificity": 0.6534653465346535,
      "sensitivity": 0.7272727272727273,
      "confusion_matrix": {
        "tn": 66,
        "fp": 35,
        "fn": 27,
        "tp": 72
      }
    },
    "Gradient Boosting": {
      "accuracy": 0.695,
      "precision": 0.6759259259259259,
      "recall": 0.7373737373737373,
      "f1_score": 0.7053140096618358,
      "auc_roc": 0.7693769376937695,
      "false_positive_rate": 0.3465346534653465,
      "false_negative_rate": 0.26262626262626265,
      "specificity": 0.6534653465346535,
      "sensitivity": 0.7373737373737373,
      "confusion_matrix": {
        "tn": 66,
        "fp": 35,
        "fn": 26,
        "tp": 73
      }
    },
    "SVM": {
      "accuracy": 0.725,
      "precision": 0.7,
      "recall": 0.7777777777777778,
      "f1_score": 0.7368421052631579,
      "auc_roc": 0.7994799479947995,
      "false_positive_rate": 0.32673267326732675,
      "false_negative_rate": 0.2222222222222222,
      "specificity": 0.6732673267326733,
      "sensitivity": 0.7777777777777778,
      "confusion_matrix": {
        "tn": 68,
        "fp": 33,
        "fn": 22,
        "tp": 77
      }
    }
  }
}