{
  "best_model": "SVM",
  "evaluation_results": {
    "Logistic Regression": {
      "accuracy": 0.84,
      "precision": 0.8928571428571429,
      "recall": 0.8333333333333334,
      "f1": 0.8620689655172413,
      "roc_auc": 0.9237500000000001
    },
    "Random Forest": {
      "accuracy": 0.8,
      "precision": 0.7857142857142857,
      "recall": 0.9166666666666666,
      "f1": 0.8461538461538461,
      "roc_auc": 0.9014583333333334
    },
    "Gradient Boosting": {
      "accuracy": 0.77,
      "precision": 0.7936507936507936,
      "recall": 0.8333333333333334,
      "f1": 0.8130081300813008,
      "roc_auc": 0.8612500000000001
    },
    "SVM": {
      "accuracy": 0.86,
      "precision": 0.9423076923076923,
      "recall": 0.8166666666666667,
      "f1": 0.875,
      "roc_auc": 0.9175
    }
  },
  "feature_names": [
    "skill_overlap_pct",
    "years_experience",
    "education_level",
    "salary_alignment_score",
    "location_match",
    "verification_score",
    "role_similarity",
    "culture_fit"
  ],
  "baseline_metrics": {
    "accuracy": 0.67,
    "precision": 0.7547169811320755,
    "recall": 0.6666666666666666,
    "f1": 0.7079646017699115
  },
  "comparison_data": {
    "models": [
      "Baseline",
      "Logistic Regression",
      "Random Forest",
      "Gradient Boosting",
      "SVM"
    ],
    "metrics": {
      "accuracy": [
        0.67,
        0.84,
        0.8,
        0.77,
        0.86
      ],
      "precision": [
        0.7547169811320755,
        0.8928571428571429,
        0.7857142857142857,
        0.7936507936507936,
        0.9423076923076923
      ],
      "recall": [
        0.6666666666666666,
        0.8333333333333334,
        0.9166666666666666,
        0.8333333333333334,
        0.8166666666666667
      ],
      "f1": [
        0.7079646017699115,
        0.8620689655172413,
        0.8461538461538461,
        0.8130081300813008,
        0.875
      ],
      "roc_auc": [
        0,
        0.9237500000000001,
        0.9014583333333334,
        0.8612500000000001,
        0.9175
      ]
    }
  },
  "timestamp": "2026-06-27T06:10:03.670446"
}